Iteration,c_2,c_3,c_4,c_5,n,L,mu,kappa,phi
1,id_matrix,c_matrix,5,100,30,1.0,0.5
2,id_matrix,c_matrix,5,100,30,1.0,0.5
3,id_matrix,c_matrix,5,100,30,1.0,0.5
4,id_matrix,c_matrix,5,100,30,1.0,0.5
5,id_matrix,c_matrix,5,100,30,1.0,0.5
6,id_matrix,c_matrix,5,100,30,1.0,0.5
7,id_matrix,c_matrix,5,100,30,1.0,0.5
8,id_matrix,c_matrix,5,100,30,1.0,0.5
9,id_matrix,c_matrix,5,100,30,1.0,0.5
10,id_matrix,c_matrix,5,100,30,1.0,0.5
11,id_matrix,c_matrix,5,100,30,1.0,0.5
12,id_matrix,c_matrix,5,100,30,1.0,0.5
13,id_matrix,c_matrix,5,100,30,1.0,0.5
14,id_matrix,c_matrix,5,100,30,1.0,0.5
15,id_matrix,c_matrix,5,100,30,1.0,0.5
16,id_matrix,c_matrix,5,100,30,1.0,0.5
17,id_matrix,c_matrix,5,100,30,1.0,0.5
18,id_matrix,c_matrix,5,100,30,1.0,0.5
19,id_matrix,c_matrix,5,100,30,1.0,0.5
20,id_matrix,c_matrix,5,100,30,1.0,0.5
21,id_matrix,c_matrix,5,100,30,1.0,0.5
22,id_matrix,c_matrix,5,100,30,1.0,0.5
23,id_matrix,c_matrix,5,100,30,1.0,0.5
24,id_matrix,c_matrix,5,100,30,1.0,0.5
25,id_matrix,c_matrix,5,100,30,1.0,0.5
26,id_matrix,c_matrix,5,100,30,1.0,0.5
27,id_matrix,c_matrix,5,100,30,1.0,0.5
28,id_matrix,c_matrix,5,100,30,1.0,0.5
29,id_matrix,c_matrix,5,100,30,1.0,0.5
30,id_matrix,c_matrix,5,100,30,1.0,0.5
31,id_matrix,c_matrix,5,100,30,1.0,0.5
32,id_matrix,c_matrix,5,100,30,1.0,0.5
33,id_matrix,c_matrix,5,100,30,1.0,0.5
34,id_matrix,c_matrix,5,100,30,1.0,0.5
35,id_matrix,c_matrix,5,100,30,1.0,0.5
36,id_matrix,c_matrix,5,100,30,1.0,0.5
37,id_matrix,c_matrix,5,100,30,1.0,0.5
38,id_matrix,c_matrix,5,100,30,1.0,0.5
39,id_matrix,c_matrix,5,100,30,1.0,0.5
40,id_matrix,c_matrix,5,100,30,1.0,0.5
41,id_matrix,c_matrix,5,100,30,1.0,0.5
42,id_matrix,c_matrix,5,100,30,1.0,0.5
43,id_matrix,c_matrix,5,100,30,1.0,0.5
44,id_matrix,c_matrix,5,100,30,1.0,0.5
45,id_matrix,c_matrix,5,100,30,1.0,0.5
46,id_matrix,c_matrix,5,100,30,1.0,0.5
47,id_matrix,c_matrix,5,100,30,1.0,0.5
48,id_matrix,c_matrix,5,100,30,1.0,0.5
49,id_matrix,c_matrix,5,100,30,1.0,0.5
50,id_matrix,c_matrix,5,100,30,1.0,0.5
51,id_matrix,c_matrix,5,100,30,1.0,0.5
52,id_matrix,c_matrix,5,100,30,1.0,0.5
53,id_matrix,c_matrix,5,100,30,1.0,0.5
54,id_matrix,c_matrix,5,100,30,1.0,0.5
55,id_matrix,c_matrix,5,100,30,1.0,0.5
56,id_matrix,c_matrix,5,100,30,1.0,0.5
57,id_matrix,c_matrix,5,100,30,1.0,0.5
58,id_matrix,c_matrix,5,100,30,1.0,0.5
59,id_matrix,c_matrix,5,100,30,1.0,0.5
60,id_matrix,c_matrix,5,100,30,1.0,0.5
61,id_matrix,c_matrix,5,100,30,1.0,0.5
62,id_matrix,c_matrix,5,100,30,1.0,0.5
63,id_matrix,c_matrix,5,100,30,1.0,0.5
64,id_matrix,c_matrix,5,100,30,1.0,0.5
65,id_matrix,c_matrix,5,100,30,1.0,0.5
66,id_matrix,c_matrix,5,100,30,1.0,0.5
67,id_matrix,c_matrix,5,100,30,1.0,0.5
68,id_matrix,c_matrix,5,100,30,1.0,0.5
69,id_matrix,c_matrix,5,100,30,1.0,0.5
70,id_matrix,c_matrix,5,100,30,1.0,0.5
71,id_matrix,c_matrix,5,100,30,1.0,0.5
72,id_matrix,c_matrix,5,100,30,1.0,0.5
73,id_matrix,c_matrix,5,100,30,1.0,0.5
74,id_matrix,c_matrix,5,100,30,1.0,0.5
75,id_matrix,c_matrix,5,100,30,1.0,0.5
76,id_matrix,c_matrix,5,100,30,1.0,0.5
77,id_matrix,c_matrix,5,100,30,1.0,0.5
78,id_matrix,c_matrix,5,100,30,1.0,0.5
79,id_matrix,c_matrix,5,100,30,1.0,0.5
80,id_matrix,c_matrix,5,100,30,1.0,0.5
81,id_matrix,c_matrix,5,100,30,1.0,0.5
82,id_matrix,c_matrix,5,100,30,1.0,0.5
83,id_matrix,c_matrix,5,100,30,1.0,0.5
84,id_matrix,c_matrix,5,100,30,1.0,0.5
85,id_matrix,c_matrix,5,100,30,1.0,0.5
86,id_matrix,c_matrix,5,100,30,1.0,0.5
87,id_matrix,c_matrix,5,100,30,1.0,0.5
88,id_matrix,c_matrix,5,100,30,1.0,0.5
89,id_matrix,c_matrix,5,100,30,1.0,0.5
90,id_matrix,c_matrix,5,100,30,1.0,0.5
91,id_matrix,c_matrix,5,100,30,1.0,0.5
92,id_matrix,c_matrix,5,100,30,1.0,0.5
93,id_matrix,c_matrix,5,100,30,1.0,0.5
94,id_matrix,c_matrix,5,100,30,1.0,0.5
95,id_matrix,c_matrix,5,100,30,1.0,0.5
96,id_matrix,c_matrix,5,100,30,1.0,0.5
97,id_matrix,c_matrix,5,100,30,1.0,0.5
98,id_matrix,c_matrix,5,100,30,1.0,0.5
99,id_matrix,c_matrix,5,100,30,1.0,0.5
100,id_matrix,c_matrix,5,100,30,1.0,0.5
101,id_matrix,c_matrix,5,100,30,1.0,0.5
102,id_matrix,c_matrix,5,100,30,1.0,0.5
103,id_matrix,c_matrix,5,100,30,1.0,0.5
104,id_matrix,c_matrix,5,100,30,1.0,0.5
105,id_matrix,c_matrix,5,100,30,1.0,0.5
106,id_matrix,c_matrix,5,100,30,1.0,0.5
107,id_matrix,c_matrix,5,100,30,1.0,0.5
108,id_matrix,c_matrix,5,100,30,1.0,0.5
109,id_matrix,c_matrix,5,100,30,1.0,0.5
110,id_matrix,c_matrix,5,100,30,1.0,0.5
111,id_matrix,c_matrix,5,100,30,1.0,0.5
112,id_matrix,c_matrix,5,100,30,1.0,0.5
113,id_matrix,c_matrix,5,100,30,1.0,0.5
114,id_matrix,c_matrix,5,100,30,1.0,0.5
115,id_matrix,c_matrix,5,100,30,1.0,0.5
116,id_matrix,c_matrix,5,100,30,1.0,0.5
117,id_matrix,c_matrix,5,100,30,1.0,0.5
118,id_matrix,c_matrix,5,100,30,1.0,0.5
119,id_matrix,c_matrix,5,100,30,1.0,0.5
120,id_matrix,c_matrix,5,100,30,1.0,0.5
121,id_matrix,c_matrix,5,100,30,1.0,0.5
122,id_matrix,c_matrix,5,100,30,1.0,0.5
123,id_matrix,c_matrix,5,100,30,1.0,0.5
124,id_matrix,c_matrix,5,100,30,1.0,0.5
125,id_matrix,c_matrix,5,100,30,1.0,0.5
126,id_matrix,c_matrix,5,100,30,1.0,0.5
127,id_matrix,c_matrix,5,100,30,1.0,0.5
128,id_matrix,c_matrix,5,100,30,1.0,0.5
129,id_matrix,c_matrix,5,100,30,1.0,0.5
130,id_matrix,c_matrix,5,100,30,1.0,0.5
131,id_matrix,c_matrix,5,100,30,1.0,0.5
132,id_matrix,c_matrix,5,100,30,1.0,0.5
133,id_matrix,c_matrix,5,100,30,1.0,0.5
134,id_matrix,c_matrix,5,100,30,1.0,0.5
135,id_matrix,c_matrix,5,100,30,1.0,0.5
136,id_matrix,c_matrix,5,100,30,1.0,0.5
137,id_matrix,c_matrix,5,100,30,1.0,0.5
138,id_matrix,c_matrix,5,100,30,1.0,0.5
139,id_matrix,c_matrix,5,100,30,1.0,0.5
140,id_matrix,c_matrix,5,100,30,1.0,0.5
141,id_matrix,c_matrix,5,100,30,1.0,0.5
142,id_matrix,c_matrix,5,100,30,1.0,0.5
143,id_matrix,c_matrix,5,100,30,1.0,0.5
144,id_matrix,c_matrix,5,100,30,1.0,0.5
145,id_matrix,c_matrix,5,100,30,1.0,0.5
146,id_matrix,c_matrix,5,100,30,1.0,0.5
147,id_matrix,c_matrix,5,100,30,1.0,0.5
148,id_matrix,c_matrix,5,100,30,1.0,0.5
149,id_matrix,c_matrix,5,100,30,1.0,0.5
150,id_matrix,c_matrix,5,100,30,1.0,0.5
151,id_matrix,c_matrix,5,100,30,1.0,0.5
152,id_matrix,c_matrix,5,100,30,1.0,0.5
153,id_matrix,c_matrix,5,100,30,1.0,0.5
154,id_matrix,c_matrix,5,100,30,1.0,0.5
155,id_matrix,c_matrix,5,100,30,1.0,0.5
156,id_matrix,c_matrix,5,100,30,1.0,0.5
157,id_matrix,c_matrix,5,100,30,1.0,0.5
158,id_matrix,c_matrix,5,100,30,1.0,0.5
159,id_matrix,c_matrix,5,100,30,1.0,0.5
160,id_matrix,c_matrix,5,100,30,1.0,0.5
161,id_matrix,c_matrix,5,100,30,1.0,0.5
162,id_matrix,c_matrix,5,100,30,1.0,0.5
163,id_matrix,c_matrix,5,100,30,1.0,0.5
164,id_matrix,c_matrix,5,100,30,1.0,0.5
165,id_matrix,c_matrix,5,100,30,1.0,0.5
166,id_matrix,c_matrix,5,100,30,1.0,0.5
167,id_matrix,c_matrix,5,100,30,1.0,0.5
168,id_matrix,c_matrix,5,100,30,1.0,0.5
169,id_matrix,c_matrix,5,100,30,1.0,0.5
170,id_matrix,c_matrix,5,100,30,1.0,0.5
171,id_matrix,c_matrix,5,100,30,1.0,0.5
172,id_matrix,c_matrix,5,100,30,1.0,0.5
173,id_matrix,c_matrix,5,100,30,1.0,0.5
174,id_matrix,c_matrix,5,100,30,1.0,0.5
175,id_matrix,c_matrix,5,100,30,1.0,0.5
176,id_matrix,c_matrix,5,100,30,1.0,0.5
177,id_matrix,c_matrix,5,100,30,1.0,0.5
178,id_matrix,c_matrix,5,100,30,1.0,0.5
179,id_matrix,c_matrix,5,100,30,1.0,0.5
180,id_matrix,c_matrix,5,100,30,1.0,0.5
181,id_matrix,c_matrix,5,100,30,1.0,0.5
182,id_matrix,c_matrix,5,100,30,1.0,0.5
183,id_matrix,c_matrix,5,100,30,1.0,0.5
184,id_matrix,c_matrix,5,100,30,1.0,0.5
185,id_matrix,c_matrix,5,100,30,1.0,0.5
186,id_matrix,c_matrix,5,100,30,1.0,0.5
187,id_matrix,c_matrix,5,100,30,1.0,0.5
188,id_matrix,c_matrix,5,100,30,1.0,0.5
189,id_matrix,c_matrix,5,100,30,1.0,0.5
190,id_matrix,c_matrix,5,100,30,1.0,0.5
191,id_matrix,c_matrix,5,100,30,1.0,0.5
192,id_matrix,c_matrix,5,100,30,1.0,0.5
193,id_matrix,c_matrix,5,100,30,1.0,0.5
194,id_matrix,c_matrix,5,100,30,1.0,0.5
195,id_matrix,c_matrix,5,100,30,1.0,0.5
196,id_matrix,c_matrix,5,100,30,1.0,0.5
197,id_matrix,c_matrix,5,100,30,1.0,0.5
198,id_matrix,c_matrix,5,100,30,1.0,0.5
199,id_matrix,c_matrix,5,100,30,1.0,0.5
200,id_matrix,c_matrix,5,100,30,1.0,0.5
201,id_matrix,c_matrix,5,100,30,1.0,0.5
202,id_matrix,c_matrix,5,100,30,1.0,0.5
203,id_matrix,c_matrix,5,100,30,1.0,0.5
204,id_matrix,c_matrix,5,100,30,1.0,0.5
205,id_matrix,c_matrix,5,100,30,1.0,0.5
206,id_matrix,c_matrix,5,100,30,1.0,0.5
207,id_matrix,c_matrix,5,100,30,1.0,0.5
208,id_matrix,c_matrix,5,100,30,1.0,0.5
209,id_matrix,c_matrix,5,100,30,1.0,0.5
210,id_matrix,c_matrix,5,100,30,1.0,0.5
211,id_matrix,c_matrix,5,100,30,1.0,0.5
212,id_matrix,c_matrix,5,100,30,1.0,0.5
213,id_matrix,c_matrix,5,100,30,1.0,0.5
214,id_matrix,c_matrix,5,100,30,1.0,0.5
215,id_matrix,c_matrix,5,100,30,1.0,0.5
216,id_matrix,c_matrix,5,100,30,1.0,0.5
217,id_matrix,c_matrix,5,100,30,1.0,0.5
218,id_matrix,c_matrix,5,100,30,1.0,0.5
219,id_matrix,c_matrix,5,100,30,1.0,0.5
220,id_matrix,c_matrix,5,100,30,1.0,0.5
221,id_matrix,c_matrix,5,100,30,1.0,0.5
222,id_matrix,c_matrix,5,100,30,1.0,0.5
223,id_matrix,c_matrix,5,100,30,1.0,0.5
224,id_matrix,c_matrix,5,100,30,1.0,0.5
225,id_matrix,c_matrix,5,100,30,1.0,0.5
226,id_matrix,c_matrix,5,100,30,1.0,0.5
227,id_matrix,c_matrix,5,100,30,1.0,0.5
228,id_matrix,c_matrix,5,100,30,1.0,0.5
229,id_matrix,c_matrix,5,100,30,1.0,0.5
230,id_matrix,c_matrix,5,100,30,1.0,0.5
231,id_matrix,c_matrix,5,100,30,1.0,0.5
232,id_matrix,c_matrix,5,100,30,1.0,0.5
233,id_matrix,c_matrix,5,100,30,1.0,0.5
234,id_matrix,c_matrix,5,100,30,1.0,0.5
235,id_matrix,c_matrix,5,100,30,1.0,0.5
236,id_matrix,c_matrix,5,100,30,1.0,0.5
237,id_matrix,c_matrix,5,100,30,1.0,0.5
238,id_matrix,c_matrix,5,100,30,1.0,0.5
239,id_matrix,c_matrix,5,100,30,1.0,0.5
240,id_matrix,c_matrix,5,100,30,1.0,0.5
241,id_matrix,c_matrix,5,100,30,1.0,0.5
242,id_matrix,c_matrix,5,100,30,1.0,0.5
243,id_matrix,c_matrix,5,100,30,1.0,0.5
244,id_matrix,c_matrix,5,100,30,1.0,0.5
245,id_matrix,c_matrix,5,100,30,1.0,0.5
246,id_matrix,c_matrix,5,100,30,1.0,0.5
247,id_matrix,c_matrix,5,100,30,1.0,0.5
248,id_matrix,c_matrix,5,100,30,1.0,0.5
249,id_matrix,c_matrix,5,100,30,1.0,0.5
250,id_matrix,c_matrix,5,100,30,1.0,0.5
251,id_matrix,c_matrix,5,100,30,1.0,0.5
252,id_matrix,c_matrix,5,100,30,1.0,0.5
253,id_matrix,c_matrix,5,100,30,1.0,0.5
254,id_matrix,c_matrix,5,100,30,1.0,0.5
255,id_matrix,c_matrix,5,100,30,1.0,0.5
256,id_matrix,c_matrix,5,100,30,1.0,0.5
257,id_matrix,c_matrix,5,100,30,1.0,0.5
258,id_matrix,c_matrix,5,100,30,1.0,0.5
259,id_matrix,c_matrix,5,100,30,1.0,0.5
260,id_matrix,c_matrix,5,100,30,1.0,0.5
261,id_matrix,c_matrix,5,100,30,1.0,0.5
262,id_matrix,c_matrix,5,100,30,1.0,0.5
263,id_matrix,c_matrix,5,100,30,1.0,0.5
264,id_matrix,c_matrix,5,100,30,1.0,0.5
265,id_matrix,c_matrix,5,100,30,1.0,0.5
266,id_matrix,c_matrix,5,100,30,1.0,0.5
267,id_matrix,c_matrix,5,100,30,1.0,0.5
268,id_matrix,c_matrix,5,100,30,1.0,0.5
269,id_matrix,c_matrix,5,100,30,1.0,0.5
270,id_matrix,c_matrix,5,100,30,1.0,0.5
271,id_matrix,c_matrix,5,100,30,1.0,0.5
272,id_matrix,c_matrix,5,100,30,1.0,0.5
273,id_matrix,c_matrix,5,100,30,1.0,0.5
274,id_matrix,c_matrix,5,100,30,1.0,0.5
275,id_matrix,c_matrix,5,100,30,1.0,0.5
276,id_matrix,c_matrix,5,100,30,1.0,0.5
277,id_matrix,c_matrix,5,100,30,1.0,0.5
278,id_matrix,c_matrix,5,100,30,1.0,0.5
279,id_matrix,c_matrix,5,100,30,1.0,0.5
280,id_matrix,c_matrix,5,100,30,1.0,0.5
281,id_matrix,c_matrix,5,100,30,1.0,0.5
282,id_matrix,c_matrix,5,100,30,1.0,0.5
283,id_matrix,c_matrix,5,100,30,1.0,0.5
284,id_matrix,c_matrix,5,100,30,1.0,0.5
285,id_matrix,c_matrix,5,100,30,1.0,0.5
286,id_matrix,c_matrix,5,100,30,1.0,0.5
287,id_matrix,c_matrix,5,100,30,1.0,0.5
288,id_matrix,c_matrix,5,100,30,1.0,0.5
289,id_matrix,c_matrix,5,100,30,1.0,0.5
290,id_matrix,c_matrix,5,100,30,1.0,0.5
291,id_matrix,c_matrix,5,100,30,1.0,0.5
292,id_matrix,c_matrix,5,100,30,1.0,0.5
293,id_matrix,c_matrix,5,100,30,1.0,0.5
294,id_matrix,c_matrix,5,100,30,1.0,0.5
295,id_matrix,c_matrix,5,100,30,1.0,0.5
296,id_matrix,c_matrix,5,100,30,1.0,0.5
297,id_matrix,c_matrix,5,100,30,1.0,0.5
298,id_matrix,c_matrix,5,100,30,1.0,0.5
299,id_matrix,c_matrix,5,100,30,1.0,0.5
300,id_matrix,c_matrix,5,100,30,1.0,0.5
301,id_matrix,c_matrix,5,100,30,1.0,0.5
302,id_matrix,c_matrix,5,100,30,1.0,0.5
303,id_matrix,c_matrix,5,100,30,1.0,0.5
304,id_matrix,c_matrix,5,100,30,1.0,0.5
305,id_matrix,c_matrix,5,100,30,1.0,0.5
306,id_matrix,c_matrix,5,100,30,1.0,0.5
307,id_matrix,c_matrix,5,100,30,1.0,0.5
308,id_matrix,c_matrix,5,100,30,1.0,0.5
309,id_matrix,c_matrix,5,100,30,1.0,0.5
310,id_matrix,c_matrix,5,100,30,1.0,0.5
311,id_matrix,c_matrix,5,100,30,1.0,0.5
312,id_matrix,c_matrix,5,100,30,1.0,0.5
313,id_matrix,c_matrix,5,100,30,1.0,0.5
314,id_matrix,c_matrix,5,100,30,1.0,0.5
315,id_matrix,c_matrix,5,100,30,1.0,0.5
316,id_matrix,c_matrix,5,100,30,1.0,0.5
317,id_matrix,c_matrix,5,100,30,1.0,0.5
318,id_matrix,c_matrix,5,100,30,1.0,0.5
319,id_matrix,c_matrix,5,100,30,1.0,0.5
320,id_matrix,c_matrix,5,100,30,1.0,0.5
321,id_matrix,c_matrix,5,100,30,1.0,0.5
322,id_matrix,c_matrix,5,100,30,1.0,0.5
323,id_matrix,c_matrix,5,100,30,1.0,0.5
324,id_matrix,c_matrix,5,100,30,1.0,0.5
325,id_matrix,c_matrix,5,100,30,1.0,0.5
326,id_matrix,c_matrix,5,100,30,1.0,0.5
327,id_matrix,c_matrix,5,100,30,1.0,0.5
328,id_matrix,c_matrix,5,100,30,1.0,0.5
329,id_matrix,c_matrix,5,100,30,1.0,0.5
330,id_matrix,c_matrix,5,100,30,1.0,0.5
331,id_matrix,c_matrix,5,100,30,1.0,0.5
332,id_matrix,c_matrix,5,100,30,1.0,0.5
333,id_matrix,c_matrix,5,100,30,1.0,0.5
334,id_matrix,c_matrix,5,100,30,1.0,0.5
335,id_matrix,c_matrix,5,100,30,1.0,0.5
336,id_matrix,c_matrix,5,100,30,1.0,0.5
337,id_matrix,c_matrix,5,100,30,1.0,0.5
338,id_matrix,c_matrix,5,100,30,1.0,0.5
339,id_matrix,c_matrix,5,100,30,1.0,0.5
340,id_matrix,c_matrix,5,100,30,1.0,0.5
341,id_matrix,c_matrix,5,100,30,1.0,0.5
342,id_matrix,c_matrix,5,100,30,1.0,0.5
343,id_matrix,c_matrix,5,100,30,1.0,0.5
344,id_matrix,c_matrix,5,100,30,1.0,0.5
345,id_matrix,c_matrix,5,100,30,1.0,0.5
346,id_matrix,c_matrix,5,100,30,1.0,0.5
347,id_matrix,c_matrix,5,100,30,1.0,0.5
348,id_matrix,c_matrix,5,100,30,1.0,0.5
349,id_matrix,c_matrix,5,100,30,1.0,0.5
350,id_matrix,c_matrix,5,100,30,1.0,0.5
351,id_matrix,c_matrix,5,100,30,1.0,0.5
352,id_matrix,c_matrix,5,100,30,1.0,0.5
353,id_matrix,c_matrix,5,100,30,1.0,0.5
354,id_matrix,c_matrix,5,100,30,1.0,0.5
355,id_matrix,c_matrix,5,100,30,1.0,0.5
356,id_matrix,c_matrix,5,100,30,1.0,0.5
357,id_matrix,c_matrix,5,100,30,1.0,0.5
358,id_matrix,c_matrix,5,100,30,1.0,0.5
359,id_matrix,c_matrix,5,100,30,1.0,0.5
360,id_matrix,c_matrix,5,100,30,1.0,0.5
361,id_matrix,c_matrix,5,100,30,1.0,0.5
362,id_matrix,c_matrix,5,100,30,1.0,0.5
363,id_matrix,c_matrix,5,100,30,1.0,0.5
364,id_matrix,c_matrix,5,100,30,1.0,0.5
365,id_matrix,c_matrix,5,100,30,1.0,0.5
366,id_matrix,c_matrix,5,100,30,1.0,0.5
367,id_matrix,c_matrix,5,100,30,1.0,0.5
368,id_matrix,c_matrix,5,100,30,1.0,0.5
369,id_matrix,c_matrix,5,100,30,1.0,0.5
370,id_matrix,c_matrix,5,100,30,1.0,0.5
371,id_matrix,c_matrix,5,100,30,1.0,0.5
372,id_matrix,c_matrix,5,100,30,1.0,0.5
373,id_matrix,c_matrix,5,100,30,1.0,0.5
374,id_matrix,c_matrix,5,100,30,1.0,0.5
375,id_matrix,c_matrix,5,100,30,1.0,0.5
376,id_matrix,c_matrix,5,100,30,1.0,0.5
377,id_matrix,c_matrix,5,100,30,1.0,0.5
378,id_matrix,c_matrix,5,100,30,1.0,0.5
379,id_matrix,c_matrix,5,100,30,1.0,0.5
380,id_matrix,c_matrix,5,100,30,1.0,0.5
381,id_matrix,c_matrix,5,100,30,1.0,0.5
382,id_matrix,c_matrix,5,100,30,1.0,0.5
383,id_matrix,c_matrix,5,100,30,1.0,0.5
384,id_matrix,c_matrix,5,100,30,1.0,0.5
385,id_matrix,c_matrix,5,100,30,1.0,0.5
386,id_matrix,c_matrix,5,100,30,1.0,0.5
387,id_matrix,c_matrix,5,100,30,1.0,0.5
388,id_matrix,c_matrix,5,100,30,1.0,0.5
389,id_matrix,c_matrix,5,100,30,1.0,0.5
390,id_matrix,c_matrix,5,100,30,1.0,0.5
391,id_matrix,c_matrix,5,100,30,1.0,0.5
392,id_matrix,c_matrix,5,100,30,1.0,0.5
393,id_matrix,c_matrix,5,100,30,1.0,0.5
394,id_matrix,c_matrix,5,100,30,1.0,0.5
395,id_matrix,c_matrix,5,100,30,1.0,0.5
396,id_matrix,c_matrix,5,100,30,1.0,0.5
397,id_matrix,c_matrix,5,100,30,1.0,0.5
398,id_matrix,c_matrix,5,100,30,1.0,0.5
399,id_matrix,c_matrix,5,100,30,1.0,0.5
400,id_matrix,c_matrix,5,100,30,1.0,0.5
401,id_matrix,c_matrix,5,100,30,1.0,0.5
402,id_matrix,c_matrix,5,100,30,1.0,0.5
403,id_matrix,c_matrix,5,100,30,1.0,0.5
404,id_matrix,c_matrix,5,100,30,1.0,0.5
405,id_matrix,c_matrix,5,100,30,1.0,0.5
406,id_matrix,c_matrix,5,100,30,1.0,0.5
407,id_matrix,c_matrix,5,100,30,1.0,0.5
408,id_matrix,c_matrix,5,100,30,1.0,0.5
409,id_matrix,c_matrix,5,100,30,1.0,0.5
410,id_matrix,c_matrix,5,100,30,1.0,0.5
411,id_matrix,c_matrix,5,100,30,1.0,0.5
412,id_matrix,c_matrix,5,100,30,1.0,0.5
413,id_matrix,c_matrix,5,100,30,1.0,0.5
414,id_matrix,c_matrix,5,100,30,1.0,0.5
415,id_matrix,c_matrix,5,100,30,1.0,0.5
416,id_matrix,c_matrix,5,100,30,1.0,0.5
417,id_matrix,c_matrix,5,100,30,1.0,0.5
418,id_matrix,c_matrix,5,100,30,1.0,0.5
419,id_matrix,c_matrix,5,100,30,1.0,0.5
420,id_matrix,c_matrix,5,100,30,1.0,0.5
421,id_matrix,c_matrix,5,100,30,1.0,0.5
422,id_matrix,c_matrix,5,100,30,1.0,0.5
423,id_matrix,c_matrix,5,100,30,1.0,0.5
424,id_matrix,c_matrix,5,100,30,1.0,0.5
425,id_matrix,c_matrix,5,100,30,1.0,0.5
426,id_matrix,c_matrix,5,100,30,1.0,0.5
427,id_matrix,c_matrix,5,100,30,1.0,0.5
428,id_matrix,c_matrix,5,100,30,1.0,0.5
429,id_matrix,c_matrix,5,100,30,1.0,0.5
430,id_matrix,c_matrix,5,100,30,1.0,0.5
431,id_matrix,c_matrix,5,100,30,1.0,0.5
432,id_matrix,c_matrix,5,100,30,1.0,0.5
433,id_matrix,c_matrix,5,100,30,1.0,0.5
434,id_matrix,c_matrix,5,100,30,1.0,0.5
435,id_matrix,c_matrix,5,100,30,1.0,0.5
436,id_matrix,c_matrix,5,100,30,1.0,0.5
437,id_matrix,c_matrix,5,100,30,1.0,0.5
438,id_matrix,c_matrix,5,100,30,1.0,0.5
439,id_matrix,c_matrix,5,100,30,1.0,0.5
440,id_matrix,c_matrix,5,100,30,1.0,0.5
441,id_matrix,c_matrix,5,100,30,1.0,0.5
442,id_matrix,c_matrix,5,100,30,1.0,0.5
443,id_matrix,c_matrix,5,100,30,1.0,0.5
444,id_matrix,c_matrix,5,100,30,1.0,0.5
445,id_matrix,c_matrix,5,100,30,1.0,0.5
446,id_matrix,c_matrix,5,100,30,1.0,0.5
447,id_matrix,c_matrix,5,100,30,1.0,0.5
448,id_matrix,c_matrix,5,100,30,1.0,0.5
449,id_matrix,c_matrix,5,100,30,1.0,0.5
450,id_matrix,c_matrix,5,100,30,1.0,0.5
451,id_matrix,c_matrix,5,100,30,1.0,0.5
452,id_matrix,c_matrix,5,100,30,1.0,0.5
453,id_matrix,c_matrix,5,100,30,1.0,0.5
454,id_matrix,c_matrix,5,100,30,1.0,0.5
455,id_matrix,c_matrix,5,100,30,1.0,0.5
456,id_matrix,c_matrix,5,100,30,1.0,0.5
457,id_matrix,c_matrix,5,100,30,1.0,0.5
458,id_matrix,c_matrix,5,100,30,1.0,0.5
459,id_matrix,c_matrix,5,100,30,1.0,0.5
460,id_matrix,c_matrix,5,100,30,1.0,0.5
461,id_matrix,c_matrix,5,100,30,1.0,0.5
462,id_matrix,c_matrix,5,100,30,1.0,0.5
463,id_matrix,c_matrix,5,100,30,1.0,0.5
464,id_matrix,c_matrix,5,100,30,1.0,0.5
465,id_matrix,c_matrix,5,100,30,1.0,0.5
466,id_matrix,c_matrix,5,100,30,1.0,0.5
467,id_matrix,c_matrix,5,100,30,1.0,0.5
468,id_matrix,c_matrix,5,100,30,1.0,0.5
469,id_matrix,c_matrix,5,100,30,1.0,0.5
470,id_matrix,c_matrix,5,100,30,1.0,0.5
471,id_matrix,c_matrix,5,100,30,1.0,0.5
472,id_matrix,c_matrix,5,100,30,1.0,0.5
473,id_matrix,c_matrix,5,100,30,1.0,0.5
474,id_matrix,c_matrix,5,100,30,1.0,0.5
475,id_matrix,c_matrix,5,100,30,1.0,0.5
476,id_matrix,c_matrix,5,100,30,1.0,0.5
477,id_matrix,c_matrix,5,100,30,1.0,0.5
478,id_matrix,c_matrix,5,100,30,1.0,0.5
479,id_matrix,c_matrix,5,100,30,1.0,0.5
480,id_matrix,c_matrix,5,100,30,1.0,0.5
481,id_matrix,c_matrix,5,100,30,1.0,0.5
482,id_matrix,c_matrix,5,100,30,1.0,0.5
483,id_matrix,c_matrix,5,100,30,1.0,0.5
484,id_matrix,c_matrix,5,100,30,1.0,0.5
485,id_matrix,c_matrix,5,100,30,1.0,0.5
486,id_matrix,c_matrix,5,100,30,1.0,0.5
487,id_matrix,c_matrix,5,100,30,1.0,0.5
488,id_matrix,c_matrix,5,100,30,1.0,0.5
489,id_matrix,c_matrix,5,100,30,1.0,0.5
490,id_matrix,c_matrix,5,100,30,1.0,0.5
491,id_matrix,c_matrix,5,100,30,1.0,0.5
492,id_matrix,c_matrix,5,100,30,1.0,0.5
493,id_matrix,c_matrix,5,100,30,1.0,0.5
494,id_matrix,c_matrix,5,100,30,1.0,0.5
495,id_matrix,c_matrix,5,100,30,1.0,0.5
496,id_matrix,c_matrix,5,100,30,1.0,0.5
497,id_matrix,c_matrix,5,100,30,1.0,0.5
498,id_matrix,c_matrix,5,100,30,1.0,0.5
499,id_matrix,c_matrix,5,100,30,1.0,0.5
500,id_matrix,c_matrix,5,100,30,1.0,0.5
501,id_matrix,c_matrix,5,100,30,1.0,0.5
502,id_matrix,c_matrix,5,100,30,1.0,0.5
503,id_matrix,c_matrix,5,100,30,1.0,0.5
504,id_matrix,c_matrix,5,100,30,1.0,0.5
505,id_matrix,c_matrix,5,100,30,1.0,0.5
506,id_matrix,c_matrix,5,100,30,1.0,0.5
507,id_matrix,c_matrix,5,100,30,1.0,0.5
508,id_matrix,c_matrix,5,100,30,1.0,0.5
509,id_matrix,c_matrix,5,100,30,1.0,0.5
510,id_matrix,c_matrix,5,100,30,1.0,0.5
511,id_matrix,c_matrix,5,100,30,1.0,0.5
512,id_matrix,c_matrix,5,100,30,1.0,0.5
513,id_matrix,c_matrix,5,100,30,1.0,0.5
514,id_matrix,c_matrix,5,100,30,1.0,0.5
515,id_matrix,c_matrix,5,100,30,1.0,0.5
516,id_matrix,c_matrix,5,100,30,1.0,0.5
517,id_matrix,c_matrix,5,100,30,1.0,0.5
518,id_matrix,c_matrix,5,100,30,1.0,0.5
519,id_matrix,c_matrix,5,100,30,1.0,0.5
520,id_matrix,c_matrix,5,100,30,1.0,0.5
521,id_matrix,c_matrix,5,100,30,1.0,0.5
522,id_matrix,c_matrix,5,100,30,1.0,0.5
523,id_matrix,c_matrix,5,100,30,1.0,0.5
524,id_matrix,c_matrix,5,100,30,1.0,0.5
525,id_matrix,c_matrix,5,100,30,1.0,0.5
526,id_matrix,c_matrix,5,100,30,1.0,0.5
527,id_matrix,c_matrix,5,100,30,1.0,0.5
528,id_matrix,c_matrix,5,100,30,1.0,0.5
529,id_matrix,c_matrix,5,100,30,1.0,0.5
530,id_matrix,c_matrix,5,100,30,1.0,0.5
531,id_matrix,c_matrix,5,100,30,1.0,0.5
532,id_matrix,c_matrix,5,100,30,1.0,0.5
533,id_matrix,c_matrix,5,100,30,1.0,0.5
534,id_matrix,c_matrix,5,100,30,1.0,0.5
535,id_matrix,c_matrix,5,100,30,1.0,0.5
536,id_matrix,c_matrix,5,100,30,1.0,0.5
537,id_matrix,c_matrix,5,100,30,1.0,0.5
538,id_matrix,c_matrix,5,100,30,1.0,0.5
539,id_matrix,c_matrix,5,100,30,1.0,0.5
540,id_matrix,c_matrix,5,100,30,1.0,0.5
541,id_matrix,c_matrix,5,100,30,1.0,0.5
542,id_matrix,c_matrix,5,100,30,1.0,0.5
543,id_matrix,c_matrix,5,100,30,1.0,0.5
544,id_matrix,c_matrix,5,100,30,1.0,0.5
545,id_matrix,c_matrix,5,100,30,1.0,0.5
546,id_matrix,c_matrix,5,100,30,1.0,0.5
547,id_matrix,c_matrix,5,100,30,1.0,0.5
548,id_matrix,c_matrix,5,100,30,1.0,0.5
549,id_matrix,c_matrix,5,100,30,1.0,0.5
550,id_matrix,c_matrix,5,100,30,1.0,0.5
551,id_matrix,c_matrix,5,100,30,1.0,0.5
552,id_matrix,c_matrix,5,100,30,1.0,0.5
553,id_matrix,c_matrix,5,100,30,1.0,0.5
554,id_matrix,c_matrix,5,100,30,1.0,0.5
555,id_matrix,c_matrix,5,100,30,1.0,0.5
556,id_matrix,c_matrix,5,100,30,1.0,0.5
557,id_matrix,c_matrix,5,100,30,1.0,0.5
558,id_matrix,c_matrix,5,100,30,1.0,0.5
559,id_matrix,c_matrix,5,100,30,1.0,0.5
560,id_matrix,c_matrix,5,100,30,1.0,0.5
561,id_matrix,c_matrix,5,100,30,1.0,0.5
562,id_matrix,c_matrix,5,100,30,1.0,0.5
563,id_matrix,c_matrix,5,100,30,1.0,0.5
564,id_matrix,c_matrix,5,100,30,1.0,0.5
565,id_matrix,c_matrix,5,100,30,1.0,0.5
566,id_matrix,c_matrix,5,100,30,1.0,0.5
567,id_matrix,c_matrix,5,100,30,1.0,0.5
568,id_matrix,c_matrix,5,100,30,1.0,0.5
569,id_matrix,c_matrix,5,100,30,1.0,0.5
570,id_matrix,c_matrix,5,100,30,1.0,0.5
571,id_matrix,c_matrix,5,100,30,1.0,0.5
572,id_matrix,c_matrix,5,100,30,1.0,0.5
573,id_matrix,c_matrix,5,100,30,1.0,0.5
574,id_matrix,c_matrix,5,100,30,1.0,0.5
575,id_matrix,c_matrix,5,100,30,1.0,0.5
576,id_matrix,c_matrix,5,100,30,1.0,0.5
577,id_matrix,c_matrix,5,100,30,1.0,0.5
578,id_matrix,c_matrix,5,100,30,1.0,0.5
579,id_matrix,c_matrix,5,100,30,1.0,0.5
580,id_matrix,c_matrix,5,100,30,1.0,0.5
581,id_matrix,c_matrix,5,100,30,1.0,0.5
582,id_matrix,c_matrix,5,100,30,1.0,0.5
583,id_matrix,c_matrix,5,100,30,1.0,0.5
584,id_matrix,c_matrix,5,100,30,1.0,0.5
585,id_matrix,c_matrix,5,100,30,1.0,0.5
586,id_matrix,c_matrix,5,100,30,1.0,0.5
587,id_matrix,c_matrix,5,100,30,1.0,0.5
588,id_matrix,c_matrix,5,100,30,1.0,0.5
589,id_matrix,c_matrix,5,100,30,1.0,0.5
590,id_matrix,c_matrix,5,100,30,1.0,0.5
591,id_matrix,c_matrix,5,100,30,1.0,0.5
592,id_matrix,c_matrix,5,100,30,1.0,0.5
593,id_matrix,c_matrix,5,100,30,1.0,0.5
594,id_matrix,c_matrix,5,100,30,1.0,0.5
595,id_matrix,c_matrix,5,100,30,1.0,0.5
596,id_matrix,c_matrix,5,100,30,1.0,0.5
597,id_matrix,c_matrix,5,100,30,1.0,0.5
598,id_matrix,c_matrix,5,100,30,1.0,0.5
599,id_matrix,c_matrix,5,100,30,1.0,0.5
600,id_matrix,c_matrix,5,100,30,1.0,0.5
601,id_matrix,c_matrix,5,100,30,1.0,0.5
602,id_matrix,c_matrix,5,100,30,1.0,0.5
603,id_matrix,c_matrix,5,100,30,1.0,0.5
604,id_matrix,c_matrix,5,100,30,1.0,0.5
605,id_matrix,c_matrix,5,100,30,1.0,0.5
606,id_matrix,c_matrix,5,100,30,1.0,0.5
607,id_matrix,c_matrix,5,100,30,1.0,0.5
608,id_matrix,c_matrix,5,100,30,1.0,0.5
609,id_matrix,c_matrix,5,100,30,1.0,0.5
610,id_matrix,c_matrix,5,100,30,1.0,0.5
611,id_matrix,c_matrix,5,100,30,1.0,0.5
612,id_matrix,c_matrix,5,100,30,1.0,0.5
613,id_matrix,c_matrix,5,100,30,1.0,0.5
614,id_matrix,c_matrix,5,100,30,1.0,0.5
615,id_matrix,c_matrix,5,100,30,1.0,0.5
616,id_matrix,c_matrix,5,100,30,1.0,0.5
617,id_matrix,c_matrix,5,100,30,1.0,0.5
618,id_matrix,c_matrix,5,100,30,1.0,0.5
619,id_matrix,c_matrix,5,100,30,1.0,0.5
620,id_matrix,c_matrix,5,100,30,1.0,0.5
621,id_matrix,c_matrix,5,100,30,1.0,0.5
622,id_matrix,c_matrix,5,100,30,1.0,0.5
623,id_matrix,c_matrix,5,100,30,1.0,0.5
624,id_matrix,c_matrix,5,100,30,1.0,0.5
625,id_matrix,c_matrix,5,100,30,1.0,0.5
626,id_matrix,c_matrix,5,100,30,1.0,0.5
627,id_matrix,c_matrix,5,100,30,1.0,0.5
628,id_matrix,c_matrix,5,100,30,1.0,0.5
629,id_matrix,c_matrix,5,100,30,1.0,0.5
630,id_matrix,c_matrix,5,100,30,1.0,0.5
631,id_matrix,c_matrix,5,100,30,1.0,0.5
632,id_matrix,c_matrix,5,100,30,1.0,0.5
633,id_matrix,c_matrix,5,100,30,1.0,0.5
634,id_matrix,c_matrix,5,100,30,1.0,0.5
635,id_matrix,c_matrix,5,100,30,1.0,0.5
636,id_matrix,c_matrix,5,100,30,1.0,0.5
637,id_matrix,c_matrix,5,100,30,1.0,0.5
638,id_matrix,c_matrix,5,100,30,1.0,0.5
639,id_matrix,c_matrix,5,100,30,1.0,0.5
640,id_matrix,c_matrix,5,100,30,1.0,0.5
641,id_matrix,c_matrix,5,100,30,1.0,0.5
642,id_matrix,c_matrix,5,100,30,1.0,0.5
643,id_matrix,c_matrix,5,100,30,1.0,0.5
644,id_matrix,c_matrix,5,100,30,1.0,0.5
645,id_matrix,c_matrix,5,100,30,1.0,0.5
646,id_matrix,c_matrix,5,100,30,1.0,0.5
647,id_matrix,c_matrix,5,100,30,1.0,0.5
648,id_matrix,c_matrix,5,100,30,1.0,0.5
649,id_matrix,c_matrix,5,100,30,1.0,0.5
650,id_matrix,c_matrix,5,100,30,1.0,0.5
651,id_matrix,c_matrix,5,100,30,1.0,0.5
652,id_matrix,c_matrix,5,100,30,1.0,0.5
653,id_matrix,c_matrix,5,100,30,1.0,0.5
654,id_matrix,c_matrix,5,100,30,1.0,0.5
655,id_matrix,c_matrix,5,100,30,1.0,0.5
656,id_matrix,c_matrix,5,100,30,1.0,0.5
657,id_matrix,c_matrix,5,100,30,1.0,0.5
658,id_matrix,c_matrix,5,100,30,1.0,0.5
659,id_matrix,c_matrix,5,100,30,1.0,0.5
660,id_matrix,c_matrix,5,100,30,1.0,0.5
661,id_matrix,c_matrix,5,100,30,1.0,0.5
662,id_matrix,c_matrix,5,100,30,1.0,0.5
663,id_matrix,c_matrix,5,100,30,1.0,0.5
664,id_matrix,c_matrix,5,100,30,1.0,0.5
665,id_matrix,c_matrix,5,100,30,1.0,0.5
666,id_matrix,c_matrix,5,100,30,1.0,0.5
667,id_matrix,c_matrix,5,100,30,1.0,0.5
668,id_matrix,c_matrix,5,100,30,1.0,0.5
669,id_matrix,c_matrix,5,100,30,1.0,0.5
670,id_matrix,c_matrix,5,100,30,1.0,0.5
671,id_matrix,c_matrix,5,100,30,1.0,0.5
672,id_matrix,c_matrix,5,100,30,1.0,0.5
673,id_matrix,c_matrix,5,100,30,1.0,0.5
674,id_matrix,c_matrix,5,100,30,1.0,0.5
675,id_matrix,c_matrix,5,100,30,1.0,0.5
676,id_matrix,c_matrix,5,100,30,1.0,0.5
677,id_matrix,c_matrix,5,100,30,1.0,0.5
678,id_matrix,c_matrix,5,100,30,1.0,0.5
679,id_matrix,c_matrix,5,100,30,1.0,0.5
680,id_matrix,c_matrix,5,100,30,1.0,0.5
681,id_matrix,c_matrix,5,100,30,1.0,0.5
682,id_matrix,c_matrix,5,100,30,1.0,0.5
683,id_matrix,c_matrix,5,100,30,1.0,0.5
684,id_matrix,c_matrix,5,100,30,1.0,0.5
685,id_matrix,c_matrix,5,100,30,1.0,0.5
686,id_matrix,c_matrix,5,100,30,1.0,0.5
687,id_matrix,c_matrix,5,100,30,1.0,0.5
688,id_matrix,c_matrix,5,100,30,1.0,0.5
689,id_matrix,c_matrix,5,100,30,1.0,0.5
690,id_matrix,c_matrix,5,100,30,1.0,0.5
691,id_matrix,c_matrix,5,100,30,1.0,0.5
692,id_matrix,c_matrix,5,100,30,1.0,0.5
693,id_matrix,c_matrix,5,100,30,1.0,0.5
694,id_matrix,c_matrix,5,100,30,1.0,0.5
695,id_matrix,c_matrix,5,100,30,1.0,0.5
696,id_matrix,c_matrix,5,100,30,1.0,0.5
697,id_matrix,c_matrix,5,100,30,1.0,0.5
698,id_matrix,c_matrix,5,100,30,1.0,0.5
699,id_matrix,c_matrix,5,100,30,1.0,0.5
700,id_matrix,c_matrix,5,100,30,1.0,0.5
701,id_matrix,c_matrix,5,100,30,1.0,0.5
702,id_matrix,c_matrix,5,100,30,1.0,0.5
703,id_matrix,c_matrix,5,100,30,1.0,0.5
704,id_matrix,c_matrix,5,100,30,1.0,0.5
705,id_matrix,c_matrix,5,100,30,1.0,0.5
706,id_matrix,c_matrix,5,100,30,1.0,0.5
707,id_matrix,c_matrix,5,100,30,1.0,0.5
708,id_matrix,c_matrix,5,100,30,1.0,0.5
709,id_matrix,c_matrix,5,100,30,1.0,0.5
710,id_matrix,c_matrix,5,100,30,1.0,0.5
711,id_matrix,c_matrix,5,100,30,1.0,0.5
712,id_matrix,c_matrix,5,100,30,1.0,0.5
713,id_matrix,c_matrix,5,100,30,1.0,0.5
714,id_matrix,c_matrix,5,100,30,1.0,0.5
715,id_matrix,c_matrix,5,100,30,1.0,0.5
716,id_matrix,c_matrix,5,100,30,1.0,0.5
717,id_matrix,c_matrix,5,100,30,1.0,0.5
718,id_matrix,c_matrix,5,100,30,1.0,0.5
719,id_matrix,c_matrix,5,100,30,1.0,0.5
720,id_matrix,c_matrix,5,100,30,1.0,0.5
721,id_matrix,c_matrix,5,100,30,1.0,0.5
722,id_matrix,c_matrix,5,100,30,1.0,0.5
723,id_matrix,c_matrix,5,100,30,1.0,0.5
724,id_matrix,c_matrix,5,100,30,1.0,0.5
725,id_matrix,c_matrix,5,100,30,1.0,0.5
726,id_matrix,c_matrix,5,100,30,1.0,0.5
727,id_matrix,c_matrix,5,100,30,1.0,0.5
728,id_matrix,c_matrix,5,100,30,1.0,0.5
729,id_matrix,c_matrix,5,100,30,1.0,0.5
730,id_matrix,c_matrix,5,100,30,1.0,0.5
731,id_matrix,c_matrix,5,100,30,1.0,0.5
732,id_matrix,c_matrix,5,100,30,1.0,0.5
733,id_matrix,c_matrix,5,100,30,1.0,0.5
734,id_matrix,c_matrix,5,100,30,1.0,0.5
735,id_matrix,c_matrix,5,100,30,1.0,0.5
736,id_matrix,c_matrix,5,100,30,1.0,0.5
737,id_matrix,c_matrix,5,100,30,1.0,0.5
738,id_matrix,c_matrix,5,100,30,1.0,0.5
739,id_matrix,c_matrix,5,100,30,1.0,0.5
740,id_matrix,c_matrix,5,100,30,1.0,0.5
741,id_matrix,c_matrix,5,100,30,1.0,0.5
742,id_matrix,c_matrix,5,100,30,1.0,0.5
743,id_matrix,c_matrix,5,100,30,1.0,0.5
744,id_matrix,c_matrix,5,100,30,1.0,0.5
745,id_matrix,c_matrix,5,100,30,1.0,0.5
746,id_matrix,c_matrix,5,100,30,1.0,0.5
747,id_matrix,c_matrix,5,100,30,1.0,0.5
748,id_matrix,c_matrix,5,100,30,1.0,0.5
749,id_matrix,c_matrix,5,100,30,1.0,0.5
750,id_matrix,c_matrix,5,100,30,1.0,0.5
751,id_matrix,c_matrix,5,100,30,1.0,0.5
752,id_matrix,c_matrix,5,100,30,1.0,0.5
753,id_matrix,c_matrix,5,100,30,1.0,0.5
754,id_matrix,c_matrix,5,100,30,1.0,0.5
755,id_matrix,c_matrix,5,100,30,1.0,0.5
756,id_matrix,c_matrix,5,100,30,1.0,0.5
757,id_matrix,c_matrix,5,100,30,1.0,0.5
758,id_matrix,c_matrix,5,100,30,1.0,0.5
759,id_matrix,c_matrix,5,100,30,1.0,0.5
760,id_matrix,c_matrix,5,100,30,1.0,0.5
761,id_matrix,c_matrix,5,100,30,1.0,0.5
762,id_matrix,c_matrix,5,100,30,1.0,0.5
763,id_matrix,c_matrix,5,100,30,1.0,0.5
764,id_matrix,c_matrix,5,100,30,1.0,0.5
765,id_matrix,c_matrix,5,100,30,1.0,0.5
766,id_matrix,c_matrix,5,100,30,1.0,0.5
767,id_matrix,c_matrix,5,100,30,1.0,0.5
768,id_matrix,c_matrix,5,100,30,1.0,0.5
769,id_matrix,c_matrix,5,100,30,1.0,0.5
770,id_matrix,c_matrix,5,100,30,1.0,0.5
771,id_matrix,c_matrix,5,100,30,1.0,0.5
772,id_matrix,c_matrix,5,100,30,1.0,0.5
773,id_matrix,c_matrix,5,100,30,1.0,0.5
774,id_matrix,c_matrix,5,100,30,1.0,0.5
775,id_matrix,c_matrix,5,100,30,1.0,0.5
776,id_matrix,c_matrix,5,100,30,1.0,0.5
777,id_matrix,c_matrix,5,100,30,1.0,0.5
778,id_matrix,c_matrix,5,100,30,1.0,0.5
779,id_matrix,c_matrix,5,100,30,1.0,0.5
780,id_matrix,c_matrix,5,100,30,1.0,0.5
781,id_matrix,c_matrix,5,100,30,1.0,0.5
782,id_matrix,c_matrix,5,100,30,1.0,0.5
783,id_matrix,c_matrix,5,100,30,1.0,0.5
784,id_matrix,c_matrix,5,100,30,1.0,0.5
785,id_matrix,c_matrix,5,100,30,1.0,0.5
786,id_matrix,c_matrix,5,100,30,1.0,0.5
787,id_matrix,c_matrix,5,100,30,1.0,0.5
788,id_matrix,c_matrix,5,100,30,1.0,0.5
789,id_matrix,c_matrix,5,100,30,1.0,0.5
790,id_matrix,c_matrix,5,100,30,1.0,0.5
791,id_matrix,c_matrix,5,100,30,1.0,0.5
792,id_matrix,c_matrix,5,100,30,1.0,0.5
793,id_matrix,c_matrix,5,100,30,1.0,0.5
794,id_matrix,c_matrix,5,100,30,1.0,0.5
795,id_matrix,c_matrix,5,100,30,1.0,0.5
796,id_matrix,c_matrix,5,100,30,1.0,0.5
797,id_matrix,c_matrix,5,100,30,1.0,0.5
798,id_matrix,c_matrix,5,100,30,1.0,0.5
799,id_matrix,c_matrix,5,100,30,1.0,0.5
800,id_matrix,c_matrix,5,100,30,1.0,0.5
801,id_matrix,c_matrix,5,100,30,1.0,0.5
802,id_matrix,c_matrix,5,100,30,1.0,0.5
803,id_matrix,c_matrix,5,100,30,1.0,0.5
804,id_matrix,c_matrix,5,100,30,1.0,0.5
805,id_matrix,c_matrix,5,100,30,1.0,0.5
806,id_matrix,c_matrix,5,100,30,1.0,0.5
807,id_matrix,c_matrix,5,100,30,1.0,0.5
808,id_matrix,c_matrix,5,100,30,1.0,0.5
809,id_matrix,c_matrix,5,100,30,1.0,0.5
810,id_matrix,c_matrix,5,100,30,1.0,0.5
811,id_matrix,c_matrix,5,100,30,1.0,0.5
812,id_matrix,c_matrix,5,100,30,1.0,0.5
813,id_matrix,c_matrix,5,100,30,1.0,0.5
814,id_matrix,c_matrix,5,100,30,1.0,0.5
815,id_matrix,c_matrix,5,100,30,1.0,0.5
816,id_matrix,c_matrix,5,100,30,1.0,0.5
817,id_matrix,c_matrix,5,100,30,1.0,0.5
818,id_matrix,c_matrix,5,100,30,1.0,0.5
819,id_matrix,c_matrix,5,100,30,1.0,0.5
820,id_matrix,c_matrix,5,100,30,1.0,0.5
821,id_matrix,c_matrix,5,100,30,1.0,0.5
822,id_matrix,c_matrix,5,100,30,1.0,0.5
823,id_matrix,c_matrix,5,100,30,1.0,0.5
824,id_matrix,c_matrix,5,100,30,1.0,0.5
825,id_matrix,c_matrix,5,100,30,1.0,0.5
826,id_matrix,c_matrix,5,100,30,1.0,0.5
827,id_matrix,c_matrix,5,100,30,1.0,0.5
828,id_matrix,c_matrix,5,100,30,1.0,0.5
829,id_matrix,c_matrix,5,100,30,1.0,0.5
830,id_matrix,c_matrix,5,100,30,1.0,0.5
831,id_matrix,c_matrix,5,100,30,1.0,0.5
832,id_matrix,c_matrix,5,100,30,1.0,0.5
833,id_matrix,c_matrix,5,100,30,1.0,0.5
834,id_matrix,c_matrix,5,100,30,1.0,0.5
835,id_matrix,c_matrix,5,100,30,1.0,0.5
836,id_matrix,c_matrix,5,100,30,1.0,0.5
837,id_matrix,c_matrix,5,100,30,1.0,0.5
838,id_matrix,c_matrix,5,100,30,1.0,0.5
839,id_matrix,c_matrix,5,100,30,1.0,0.5
840,id_matrix,c_matrix,5,100,30,1.0,0.5
841,id_matrix,c_matrix,5,100,30,1.0,0.5
842,id_matrix,c_matrix,5,100,30,1.0,0.5
843,id_matrix,c_matrix,5,100,30,1.0,0.5
844,id_matrix,c_matrix,5,100,30,1.0,0.5
845,id_matrix,c_matrix,5,100,30,1.0,0.5
846,id_matrix,c_matrix,5,100,30,1.0,0.5
847,id_matrix,c_matrix,5,100,30,1.0,0.5
848,id_matrix,c_matrix,5,100,30,1.0,0.5
849,id_matrix,c_matrix,5,100,30,1.0,0.5
850,id_matrix,c_matrix,5,100,30,1.0,0.5
851,id_matrix,c_matrix,5,100,30,1.0,0.5
852,id_matrix,c_matrix,5,100,30,1.0,0.5
853,id_matrix,c_matrix,5,100,30,1.0,0.5
854,id_matrix,c_matrix,5,100,30,1.0,0.5
855,id_matrix,c_matrix,5,100,30,1.0,0.5
856,id_matrix,c_matrix,5,100,30,1.0,0.5
857,id_matrix,c_matrix,5,100,30,1.0,0.5
858,id_matrix,c_matrix,5,100,30,1.0,0.5
859,id_matrix,c_matrix,5,100,30,1.0,0.5
860,id_matrix,c_matrix,5,100,30,1.0,0.5
861,id_matrix,c_matrix,5,100,30,1.0,0.5
862,id_matrix,c_matrix,5,100,30,1.0,0.5
863,id_matrix,c_matrix,5,100,30,1.0,0.5
864,id_matrix,c_matrix,5,100,30,1.0,0.5
865,id_matrix,c_matrix,5,100,30,1.0,0.5
866,id_matrix,c_matrix,5,100,30,1.0,0.5
867,id_matrix,c_matrix,5,100,30,1.0,0.5
868,id_matrix,c_matrix,5,100,30,1.0,0.5
869,id_matrix,c_matrix,5,100,30,1.0,0.5
870,id_matrix,c_matrix,5,100,30,1.0,0.5
871,id_matrix,c_matrix,5,100,30,1.0,0.5
872,id_matrix,c_matrix,5,100,30,1.0,0.5
873,id_matrix,c_matrix,5,100,30,1.0,0.5
874,id_matrix,c_matrix,5,100,30,1.0,0.5
875,id_matrix,c_matrix,5,100,30,1.0,0.5
876,id_matrix,c_matrix,5,100,30,1.0,0.5
877,id_matrix,c_matrix,5,100,30,1.0,0.5
878,id_matrix,c_matrix,5,100,30,1.0,0.5
879,id_matrix,c_matrix,5,100,30,1.0,0.5
880,id_matrix,c_matrix,5,100,30,1.0,0.5
881,id_matrix,c_matrix,5,100,30,1.0,0.5
882,id_matrix,c_matrix,5,100,30,1.0,0.5
883,id_matrix,c_matrix,5,100,30,1.0,0.5
884,id_matrix,c_matrix,5,100,30,1.0,0.5
885,id_matrix,c_matrix,5,100,30,1.0,0.5
886,id_matrix,c_matrix,5,100,30,1.0,0.5
887,id_matrix,c_matrix,5,100,30,1.0,0.5
888,id_matrix,c_matrix,5,100,30,1.0,0.5
889,id_matrix,c_matrix,5,100,30,1.0,0.5
890,id_matrix,c_matrix,5,100,30,1.0,0.5
891,id_matrix,c_matrix,5,100,30,1.0,0.5
892,id_matrix,c_matrix,5,100,30,1.0,0.5
893,id_matrix,c_matrix,5,100,30,1.0,0.5
894,id_matrix,c_matrix,5,100,30,1.0,0.5
895,id_matrix,c_matrix,5,100,30,1.0,0.5
896,id_matrix,c_matrix,5,100,30,1.0,0.5
897,id_matrix,c_matrix,5,100,30,1.0,0.5
898,id_matrix,c_matrix,5,100,30,1.0,0.5
899,id_matrix,c_matrix,5,100,30,1.0,0.5
900,id_matrix,c_matrix,5,100,30,1.0,0.5
901,id_matrix,c_matrix,5,100,30,1.0,0.5
902,id_matrix,c_matrix,5,100,30,1.0,0.5
903,id_matrix,c_matrix,5,100,30,1.0,0.5
904,id_matrix,c_matrix,5,100,30,1.0,0.5
905,id_matrix,c_matrix,5,100,30,1.0,0.5
906,id_matrix,c_matrix,5,100,30,1.0,0.5
907,id_matrix,c_matrix,5,100,30,1.0,0.5
908,id_matrix,c_matrix,5,100,30,1.0,0.5
909,id_matrix,c_matrix,5,100,30,1.0,0.5
910,id_matrix,c_matrix,5,100,30,1.0,0.5
911,id_matrix,c_matrix,5,100,30,1.0,0.5
912,id_matrix,c_matrix,5,100,30,1.0,0.5
913,id_matrix,c_matrix,5,100,30,1.0,0.5
914,id_matrix,c_matrix,5,100,30,1.0,0.5
915,id_matrix,c_matrix,5,100,30,1.0,0.5
916,id_matrix,c_matrix,5,100,30,1.0,0.5
917,id_matrix,c_matrix,5,100,30,1.0,0.5
918,id_matrix,c_matrix,5,100,30,1.0,0.5
919,id_matrix,c_matrix,5,100,30,1.0,0.5
920,id_matrix,c_matrix,5,100,30,1.0,0.5
921,id_matrix,c_matrix,5,100,30,1.0,0.5
922,id_matrix,c_matrix,5,100,30,1.0,0.5
923,id_matrix,c_matrix,5,100,30,1.0,0.5
924,id_matrix,c_matrix,5,100,30,1.0,0.5
925,id_matrix,c_matrix,5,100,30,1.0,0.5
926,id_matrix,c_matrix,5,100,30,1.0,0.5
927,id_matrix,c_matrix,5,100,30,1.0,0.5
928,id_matrix,c_matrix,5,100,30,1.0,0.5
929,id_matrix,c_matrix,5,100,30,1.0,0.5
930,id_matrix,c_matrix,5,100,30,1.0,0.5
931,id_matrix,c_matrix,5,100,30,1.0,0.5
932,id_matrix,c_matrix,5,100,30,1.0,0.5
933,id_matrix,c_matrix,5,100,30,1.0,0.5
934,id_matrix,c_matrix,5,100,30,1.0,0.5
935,id_matrix,c_matrix,5,100,30,1.0,0.5
936,id_matrix,c_matrix,5,100,30,1.0,0.5
937,id_matrix,c_matrix,5,100,30,1.0,0.5
938,id_matrix,c_matrix,5,100,30,1.0,0.5
939,id_matrix,c_matrix,5,100,30,1.0,0.5
940,id_matrix,c_matrix,5,100,30,1.0,0.5
941,id_matrix,c_matrix,5,100,30,1.0,0.5
942,id_matrix,c_matrix,5,100,30,1.0,0.5
943,id_matrix,c_matrix,5,100,30,1.0,0.5
944,id_matrix,c_matrix,5,100,30,1.0,0.5
945,id_matrix,c_matrix,5,100,30,1.0,0.5
946,id_matrix,c_matrix,5,100,30,1.0,0.5
947,id_matrix,c_matrix,5,100,30,1.0,0.5
948,id_matrix,c_matrix,5,100,30,1.0,0.5
949,id_matrix,c_matrix,5,100,30,1.0,0.5
950,id_matrix,c_matrix,5,100,30,1.0,0.5
951,id_matrix,c_matrix,5,100,30,1.0,0.5
952,id_matrix,c_matrix,5,100,30,1.0,0.5
953,id_matrix,c_matrix,5,100,30,1.0,0.5
954,id_matrix,c_matrix,5,100,30,1.0,0.5
955,id_matrix,c_matrix,5,100,30,1.0,0.5
956,id_matrix,c_matrix,5,100,30,1.0,0.5
957,id_matrix,c_matrix,5,100,30,1.0,0.5
958,id_matrix,c_matrix,5,100,30,1.0,0.5
959,id_matrix,c_matrix,5,100,30,1.0,0.5
960,id_matrix,c_matrix,5,100,30,1.0,0.5
961,id_matrix,c_matrix,5,100,30,1.0,0.5
962,id_matrix,c_matrix,5,100,30,1.0,0.5
963,id_matrix,c_matrix,5,100,30,1.0,0.5
964,id_matrix,c_matrix,5,100,30,1.0,0.5
965,id_matrix,c_matrix,5,100,30,1.0,0.5
966,id_matrix,c_matrix,5,100,30,1.0,0.5
967,id_matrix,c_matrix,5,100,30,1.0,0.5
968,id_matrix,c_matrix,5,100,30,1.0,0.5
969,id_matrix,c_matrix,5,100,30,1.0,0.5
970,id_matrix,c_matrix,5,100,30,1.0,0.5
971,id_matrix,c_matrix,5,100,30,1.0,0.5
972,id_matrix,c_matrix,5,100,30,1.0,0.5
973,id_matrix,c_matrix,5,100,30,1.0,0.5
974,id_matrix,c_matrix,5,100,30,1.0,0.5
975,id_matrix,c_matrix,5,100,30,1.0,0.5
976,id_matrix,c_matrix,5,100,30,1.0,0.5
977,id_matrix,c_matrix,5,100,30,1.0,0.5
978,id_matrix,c_matrix,5,100,30,1.0,0.5
979,id_matrix,c_matrix,5,100,30,1.0,0.5
980,id_matrix,c_matrix,5,100,30,1.0,0.5
981,id_matrix,c_matrix,5,100,30,1.0,0.5
982,id_matrix,c_matrix,5,100,30,1.0,0.5
983,id_matrix,c_matrix,5,100,30,1.0,0.5
984,id_matrix,c_matrix,5,100,30,1.0,0.5
985,id_matrix,c_matrix,5,100,30,1.0,0.5
986,id_matrix,c_matrix,5,100,30,1.0,0.5
987,id_matrix,c_matrix,5,100,30,1.0,0.5
988,id_matrix,c_matrix,5,100,30,1.0,0.5
989,id_matrix,c_matrix,5,100,30,1.0,0.5
990,id_matrix,c_matrix,5,100,30,1.0,0.5
991,id_matrix,c_matrix,5,100,30,1.0,0.5
992,id_matrix,c_matrix,5,100,30,1.0,0.5
993,id_matrix,c_matrix,5,100,30,1.0,0.5
994,id_matrix,c_matrix,5,100,30,1.0,0.5
995,id_matrix,c_matrix,5,100,30,1.0,0.5
996,id_matrix,c_matrix,5,100,30,1.0,0.5
997,id_matrix,c_matrix,5,100,30,1.0,0.5
998,id_matrix,c_matrix,5,100,30,1.0,0.5
999,id_matrix,c_matrix,5,100,30,1.0,0.5
1000,id_matrix,c_matrix,5,100,30,1.0,0.5
